<?xml version="1.0" encoding="UTF-8"?>
<metadata>
    <name>custom base stats</name>
    <directory>custombasestats</directory>
    <id>1619415161</id>
    <description>Pretty simple, lets you customize the base starting stats. 
(before item/transformation/etc specific stat adjustments are applied)
	
You can adjust the generic base stats to decrease or increase the difficulty of the game, or you can adjust the base stats of each specific character.

Just install [b][url=https://steamcommunity.com/sharedfiles/filedetails/?id=1603631350]Pibers20's Mod Config Menu[/url][/b] and you can adjust the settings at any time during the game.


If you don't have the mod config menu installed you can still alter the generic base values, just open the console by pressing ~ and type one of the below commands where X is the number.
&quot;basedamagestat X&quot;
&quot;baseteardelaystat X&quot;
&quot;baserangestat X&quot;
&quot;baseshotspeedstat X&quot;
&quot;basemovespeedstat X&quot;
&quot;baseluckstat X&quot;

You can also use &quot;viewbasestats&quot; to check your current settings and &quot;resetbasestats&quot; to reset them to default.

Keep in mind you won't be able to push your stats outside of their set limits.
(e.g setting move speed to 99 or -99)

Default base stats are:
3.5 damage
10 tear delay
23.75 range
1.0 shot speed
1.0 move speed
0 luck
</description>
    <version>1.3</version>
    <visibility>Public</visibility>
    <tag id="Lua"/>
    <tag id="Tweaks"/>
</metadata>
